Unnamed: 0,twitter_link,text,date,likes,comments,Translated_Tweet
0,https://twitter.com/dealsnofferhub/status/1837051573660156383#m,"Deal Price : ‚Çπ4,499.00 ‚úÖ Regular Price : ‚Çπ5,999 ‚ùå  https://amazon.in/dp/B0CFYNMFRF?tag=dealoffers0c8-21  Noise Newly Launched ColorFit Pro 5 Max 1.96‚Ä≥ AMOLED Display Smart Watch, BT Calling, Post Training Workout Analysis, VO2 Max, Rapid Health, 5X Faster Data Transfer ‚Äì Space Blue","Sep 20, 2024 ¬∑ 8:50 AM UTC",0,0,"Deal Price : ‚Çπ4,499.00 ‚úÖ Regular Price : ‚Çπ5,999 ‚ùå  https://amazon.in/dp/B0CFYNMFRF?tag=dealoffers0c8-21  Noise Newly Launched ColorFit Pro 5 Max 1.96‚Ä≥ AMOLED Display Smart Watch, BT Calling, Post Training Workout Analysis, VO2 Max, Rapid Health, 5X Faster Data Transfer ‚Äì Space Blue"
1,https://twitter.com/ankursharma247/status/1836402480202006963#m,Noise colorfit 5 pro max üòç #NoiseXZepto,"Sep 18, 2024 ¬∑ 1:50 PM UTC",0,1,Noise colorfit 5 pro max üòç #NoiseXZepto
2,https://twitter.com/NowItsRajeev/status/1836333654445851122#m,Noise Colorfit 5 pro max  watch  #noise @gonoise ‚ú®üíØüòç,"Sep 18, 2024 ¬∑ 9:17 AM UTC",0,1,Noise Colorfit 5 pro max  watch  #noise @gonoise ‚ú®üíØüòç
3,https://twitter.com/pachaiyappan50/status/1836076377713283266#m,Noise colorfit 5 pro max #NoiseXZepto,"Sep 17, 2024 ¬∑ 4:14 PM UTC",0,0,Noise colorfit 5 pro max #NoiseXZepto
4,https://twitter.com/Ankur_Raj_9168/status/1836062203692081256#m,Noise colorfit 5 pro max üòç #NoiseXZepto,"Sep 17, 2024 ¬∑ 3:18 PM UTC",0,0,Noise colorfit 5 pro max üòç #NoiseXZepto
5,https://twitter.com/pankajsharmaKP/status/1836050675924369742#m,Noise colorfit 5 pro max üòç‚ù§Ô∏è‚Äçüî• #NoiseXZepto,"Sep 17, 2024 ¬∑ 2:32 PM UTC",2,0,Noise colorfit 5 pro max üòç‚ù§Ô∏è‚Äçüî• #NoiseXZepto
6,https://twitter.com/LendeAbhishek/status/1836044826447380634#m,Noise colorfit 5 pro max #NoiseXZepto,"Sep 17, 2024 ¬∑ 2:09 PM UTC",0,0,Noise colorfit 5 pro max #NoiseXZepto
7,https://twitter.com/18aniruddha/status/1836041379446653068#m,noise colorfit 5 pro max #NoiseXZepto,"Sep 17, 2024 ¬∑ 1:55 PM UTC",0,0,noise colorfit 5 pro max #NoiseXZepto
8,https://twitter.com/Ankur_Raj_9168/status/1829604710132944980#m,Noise ColorFit Pro 5 Max Smartwatch ‚åö  @gonoise #WorldofNoiseSale #NoiseAnniversary #Noise,"Aug 30, 2024 ¬∑ 7:38 PM UTC",0,0,Noise ColorFit Pro 5 Max Smartwatch ‚åö  @gonoise #WorldofNoiseSale #NoiseAnniversary #Noise
9,https://twitter.com/Ankur_Raj_9168/status/1829604632240550345#m,Noise ColorFit Pro 5 Max Smartwatch ‚åö  #WorldofNoiseSale #NoiseAnniversary #Noise,"Aug 30, 2024 ¬∑ 7:38 PM UTC",0,0,Noise ColorFit Pro 5 Max Smartwatch ‚åö  #WorldofNoiseSale #NoiseAnniversary #Noise
10,https://twitter.com/ShrijanPrakash/status/1817246377774375013#m,"@gonoise , a very unprofessional company. I have ordered noise colorfit pro 5 max from your website in dec 2023 and it is in warranty right now. I have raised complaint about shaky screen and you have initiated a reverse pickup. Now you emailed me saying the product is set‚Ä¶(1)","Jul 27, 2024 ¬∑ 5:11 PM UTC",1,2,"@gonoise , a very unprofessional company. I have ordered noise colorfit pro 5 max from your website in dec 2023 and it is in warranty right now. I have raised complaint about shaky screen and you have initiated a reverse pickup. Now you emailed me saying the product is set‚Ä¶(1)"
11,https://twitter.com/EJOYEVEDAY/status/1815965114895372790#m,"Limited-time deal: Noise Newly Launched ColorFit Pro 5 Max 1.96"" AMOLED Display Smart Watch, BT Calling, Post Training Workout Analysis, VO2 Max, Rapid Health, 5X Faster Data Transfer - Elite Black https://amzn.in/d/0eIqSzCh #Amazon via @Amazon","Jul 24, 2024 ¬∑ 4:19 AM UTC",0,0,"Limited-time deal: Noise Newly Launched ColorFit Pro 5 Max 1.96"" AMOLED Display Smart Watch, BT Calling, Post Training Workout Analysis, VO2 Max, Rapid Health, 5X Faster Data Transfer - Elite Black https://amzn.in/d/0eIqSzCh #Amazon via @Amazon"
12,https://twitter.com/AjayD2021/status/1815442433192132947#m,"Limited-time deal: Noise Newly Launched ColorFit Pro 5 Max 1.96"" AMOLED Display Smart Watch, BT Calling, Post Training Workout Analysis, VO2 Max, Rapid Health, 5X Faster Data Transfer - Elite Black https://amzn.in/d/0g7bPbSI #Amazon via @Amazon","Jul 22, 2024 ¬∑ 5:43 PM UTC",0,0,"Limited-time deal: Noise Newly Launched ColorFit Pro 5 Max 1.96"" AMOLED Display Smart Watch, BT Calling, Post Training Workout Analysis, VO2 Max, Rapid Health, 5X Faster Data Transfer - Elite Black https://amzn.in/d/0g7bPbSI #Amazon via @Amazon"
13,https://twitter.com/rahuldhawan291/status/1815306026553606196#m,"@gonoise @itsgauravkhatri I recently ordered a Noise Colorfit Pro 5 Max, but the package arrived with a broken seal and an empty box. This is extremely disappointing. Please assist in resolving this issue as soon as possible. Order ID: [4556360]. #gonoise #ScamAlert @BlueDart_","Jul 22, 2024 ¬∑ 8:40 AM UTC",0,1,"@gonoise @itsgauravkhatri I recently ordered a Noise Colorfit Pro 5 Max, but the package arrived with a broken seal and an empty box. This is extremely disappointing. Please assist in resolving this issue as soon as possible. Order ID: [4556360]. #gonoise #ScamAlert @BlueDart_"
14,https://twitter.com/Ayush_Ch7/status/1812442744293335274#m,Pebble Royale Or Pebble Zenith Else Noise colorfit pro Max 5 is also good,"Jul 14, 2024 ¬∑ 11:03 AM UTC",0,0,Pebble Royale Or Pebble Zenith Else Noise colorfit pro Max 5 is also good
15,https://twitter.com/Getesti/status/1811618996191658365#m,"Today's DEAL üëÄ  Elite Black: Your All-In-One Smart Watch - Noise ColorFit Pro 5 Max | 1.96 AMOLED Display, BT Calling, Real-Time Workout Analysis, Maximized Health & More!  Today's Price: ‚Çπ4299 Typical Price: ‚Çπ10999  https://www.amazon.in/Noise-Launched-ColorFit-Training-Analysis/dp/B0CFYM59QD?tag=rajbreno0b-21","Jul 12, 2024 ¬∑ 4:30 AM UTC",0,0,"Today's DEAL üëÄ  Elite Black: Your All-In-One Smart Watch - Noise ColorFit Pro 5 Max | 1.96 AMOLED Display, BT Calling, Real-Time Workout Analysis, Maximized Health & More!  Today's Price: ‚Çπ4299 Typical Price: ‚Çπ10999  https://www.amazon.in/Noise-Launched-ColorFit-Training-Analysis/dp/B0CFYM59QD?tag=rajbreno0b-21"
16,https://twitter.com/Gagankumarjha92/status/1810667964049625311#m,"ColorFit Pro 5 Max  1.96"" Amoled, VO‚ÇÇ Max & Rapid Health, Customized Button, SOS Alerts, DIY Watchfaces  ‚Çπ4399  Link :- https://tinyurl.com/yc2sn4kh #Smartwatch #NoiseOutMusicIn #Colorfitpro5max #Noise #SmartFLASH","Jul 9, 2024 ¬∑ 1:30 PM UTC",0,0,"ColorFit Pro 5 Max  1.96"" Amoled, VO‚ÇÇ Max & Rapid Health, Customized Button, SOS Alerts, DIY Watchfaces  ‚Çπ4399  Link :- https://tinyurl.com/yc2sn4kh #Smartwatch #NoiseOutMusicIn #Colorfitpro5max #Noise #SmartFLASH"
17,https://twitter.com/xtra_deals/status/1809679422905282660#m,"Noise Newly Launched ColorFit Pro 5 Max 1.96"" AMOLED Display Smart Watch, BT Calling, Post Training   üîπ Offer price-‚Çπ4,499  üîπ MRP-‚Çπ9,999  üîπ Saving: -55%  ‚ú® Reviews-4.1 out of 5 stars  ‚ú® Category- #computers https://www.amazon.in/Noise-Launched-ColorFit-Training-Analysis/dp/B0CFYNMFRF?tag=xd027-21 #deal #loot","Jul 6, 2024 ¬∑ 8:02 PM UTC",0,0,"Noise Newly Launched ColorFit Pro 5 Max 1.96"" AMOLED Display Smart Watch, BT Calling, Post Training   üîπ Offer price-‚Çπ4,499  üîπ MRP-‚Çπ9,999  üîπ Saving: -55%  ‚ú® Reviews-4.1 out of 5 stars  ‚ú® Category- #computers https://www.amazon.in/Noise-Launched-ColorFit-Training-Analysis/dp/B0CFYNMFRF?tag=xd027-21 #deal #loot"
18,https://twitter.com/OurTopix10/status/1809640959250166263#m,"Today's DEAL üëÄ  Fit, Fun, and Faster: Noise's ColorFit Pro 5 Max Smart Watch - Now with BT Calling, VO2 Max, and Rapid Health!  Today's Price: ‚Çπ4499 Typical Price: ‚Çπ9999  https://www.amazon.in/Noise-Launched-ColorFit-Training-Analysis/dp/B0CFYM8ZY9?tag=rajbreno0b-21","Jul 6, 2024 ¬∑ 5:30 PM UTC",0,0,"Today's DEAL üëÄ  Fit, Fun, and Faster: Noise's ColorFit Pro 5 Max Smart Watch - Now with BT Calling, VO2 Max, and Rapid Health!  Today's Price: ‚Çπ4499 Typical Price: ‚Çπ9999  https://www.amazon.in/Noise-Launched-ColorFit-Training-Analysis/dp/B0CFYM8ZY9?tag=rajbreno0b-21"
19,https://twitter.com/Ag4343Vishal/status/1808897104963850441#m,"Hey amazon @amazonIN @AmazonHelp   i have purchased¬† Noise Newly Launched ColorFit Pro 5 Max 1.96"" AMOLED Display Smart Watch, I‚Äôve received defective piece. Both Amazon and noise customer care are not helping. Please help me out. Order No: 402-7154004-8676321","Jul 4, 2024 ¬∑ 4:14 PM UTC",2,1,"Hey amazon @amazonIN @AmazonHelp   i have purchased¬† Noise Newly Launched ColorFit Pro 5 Max 1.96"" AMOLED Display Smart Watch, I‚Äôve received defective piece. Both Amazon and noise customer care are not helping. Please help me out. Order No: 402-7154004-8676321"
20,https://twitter.com/techlogicsindia/status/1808882924617417104#m,"Noise Newly Launched ColorFit Pro 5 Max 1.96"" AMOLED Display Smart Watch, BT Calling, Post Training Workout Analysis, VO2 Max, Rapid Health, 5X Faster Data Transfer - Space Blue https://amzn.to/4cucxVo via @amazon","Jul 4, 2024 ¬∑ 3:17 PM UTC",0,0,"Noise Newly Launched ColorFit Pro 5 Max 1.96"" AMOLED Display Smart Watch, BT Calling, Post Training Workout Analysis, VO2 Max, Rapid Health, 5X Faster Data Transfer - Space Blue https://amzn.to/4cucxVo via @amazon"
21,https://twitter.com/bharatwce/status/1804166204573282512#m,"I had placed an order for a Noise ColorFit Pro 5 Max Smartwatch Hoop Edition. However, I received the Noise ColorFit Pro Max in Classic Brown instead. I kindly request your assistance in resolving this issue by sending me the correct product that I ordered.","Jun 21, 2024 ¬∑ 2:55 PM UTC",0,1,"I had placed an order for a Noise ColorFit Pro 5 Max Smartwatch Hoop Edition. However, I received the Noise ColorFit Pro Max in Classic Brown instead. I kindly request your assistance in resolving this issue by sending me the correct product that I ordered."
22,https://twitter.com/CommerceXcel/status/1802038046512271407#m,"Noise ColorFit Pro 5 Max 1.96"" AMOLED Display Smart Watch @ ‚Çπ3,799*  üîóhttps://amzn.to/4bWajxQ  ‚úÖ *Flat ‚Çπ200 Instant Discount on SBI Credit card","Jun 15, 2024 ¬∑ 5:58 PM UTC",0,0,"Noise ColorFit Pro 5 Max 1.96"" AMOLED Display Smart Watch @ ‚Çπ3,799*  üîóhttps://amzn.to/4bWajxQ  ‚úÖ *Flat ‚Çπ200 Instant Discount on SBI Credit card"
23,https://twitter.com/RizwanaBeg35069/status/1798476796528402472#m,"Limited-time deal: Noise Newly Launched ColorFit Pro 5 Max 1.96"" AMOLED Display Smart Watch, BT Calling, Post Training Workout Analysis, VO2 Max, Rapid Health, 5X Faster Data Transfer - Elite Black https://amzn.in/d/iADh7d6 #Amazon via @Amazon https://amzn.to/3V9qqkp","Jun 5, 2024 ¬∑ 10:07 PM UTC",0,0,"Limited-time deal: Noise Newly Launched ColorFit Pro 5 Max 1.96"" AMOLED Display Smart Watch, BT Calling, Post Training Workout Analysis, VO2 Max, Rapid Health, 5X Faster Data Transfer - Elite Black https://amzn.in/d/iADh7d6 #Amazon via @Amazon https://amzn.to/3V9qqkp"
24,https://twitter.com/RizwanaBeg35069/status/1798476532626907452#m,"Limited-time deal: Noise Newly Launched ColorFit Pro 5 Max 1.96"" AMOLED Display Smart Watch, BT Calling, Post Training Workout Analysis, VO2 Max, Rapid Health, 5X Faster Data Transfer - Elite Black https://amzn.in/d/c2rVYgn #Amazon via @Amazon https://amzn.to/4bOLsvK","Jun 5, 2024 ¬∑ 10:06 PM UTC",0,0,"Limited-time deal: Noise Newly Launched ColorFit Pro 5 Max 1.96"" AMOLED Display Smart Watch, BT Calling, Post Training Workout Analysis, VO2 Max, Rapid Health, 5X Faster Data Transfer - Elite Black https://amzn.in/d/c2rVYgn #Amazon via @Amazon https://amzn.to/4bOLsvK"
25,https://twitter.com/CommerceXcel/status/1796756417061536255#m,"Noise Newly Launched ColorFit Pro 5 Max  Silicone Strap @ ‚Çπ3,999   üîóhttps://amzn.to/4bIqVJe","Jun 1, 2024 ¬∑ 4:11 AM UTC",0,0,"Noise Newly Launched ColorFit Pro 5 Max  Silicone Strap @ ‚Çπ3,999   üîóhttps://amzn.to/4bIqVJe"
26,https://twitter.com/indiabazar007/status/1794353114621051266#m,"Noise Newly Launched ColorFit Pro 5 Max 1.96"" AMOLED Display Smart Watch, BT Calling, Post Training Workout Analysis, VO2 Max, Rapid Health, 5X Faster Data Transfer - Space Blue https://amzn.to/4aF7OhU via @amazon","May 25, 2024 ¬∑ 1:01 PM UTC",0,0,"Noise Newly Launched ColorFit Pro 5 Max 1.96"" AMOLED Display Smart Watch, BT Calling, Post Training Workout Analysis, VO2 Max, Rapid Health, 5X Faster Data Transfer - Space Blue https://amzn.to/4aF7OhU via @amazon"
27,https://twitter.com/kota_vikram/status/1792555122406613496#m,@SupportNoise Bought a NOISE colorfit pro max 5 today - Weak Charging case magnetic power. Does not hold the watch properly and hence has irregular charging....overall product quality is bad compared to international standards. Now I understand why Indians go to Intl. brands,"May 20, 2024 ¬∑ 1:56 PM UTC",0,1,@SupportNoise Bought a NOISE colorfit pro max 5 today - Weak Charging case magnetic power. Does not hold the watch properly and hence has irregular charging....overall product quality is bad compared to international standards. Now I understand why Indians go to Intl. brands
28,https://twitter.com/rajrocksforall/status/1791228642405515637#m,ColorFit Pro 5 Max AMOLED #Noise #Noisemakers @gonoise,"May 16, 2024 ¬∑ 10:06 PM UTC",1,0,ColorFit Pro 5 Max AMOLED #Noise #Noisemakers @gonoise
29,https://twitter.com/Nitish_nix/status/1790724004514496842#m,My Wishlist  Colorfit Pro 5 Max Amoled  #Noise #Noisemakers @gonoise   Tag @mysterioussu @sengodan4 @p_pinky777 @Kinjal__01 @JayshreeMalhot6 @KDivya18740584,"May 15, 2024 ¬∑ 12:40 PM UTC",1,0,My Wishlist  Colorfit Pro 5 Max Amoled  #Noise #Noisemakers @gonoise   Tag @mysterioussu @sengodan4 @p_pinky777 @Kinjal__01 @JayshreeMalhot6 @KDivya18740584
30,https://twitter.com/drarvindkumar/status/1790649745008107537#m,"Noise ColorFit Pro 5 Max 1.96"" AMOLED Display with Bluetooth Calling Smartwatch ‚åöÔ∏è üå†üòê is in my wishlist. #Noise #Noisemakers @gonoise","May 15, 2024 ¬∑ 7:45 AM UTC",0,0,"Noise ColorFit Pro 5 Max 1.96"" AMOLED Display with Bluetooth Calling Smartwatch ‚åöÔ∏è üå†üòê is in my wishlist. #Noise #Noisemakers @gonoise"
31,https://twitter.com/Hemang1612/status/1790648563698934149#m,My Wishlist  Colorfit Pro 5 Max Amoled  #Noise #Noisemakers @gonoise   Tag @JayParmarGJ3 @DTUnadkat9 @Nick_Model143 @Nitish_nix @ShubhamP57,"May 15, 2024 ¬∑ 7:41 AM UTC",1,0,My Wishlist  Colorfit Pro 5 Max Amoled  #Noise #Noisemakers @gonoise   Tag @JayParmarGJ3 @DTUnadkat9 @Nick_Model143 @Nitish_nix @ShubhamP57
32,https://twitter.com/Hemang1612/status/1790648535219593394#m,My Wishlist  Colorfit Pro 5 Max Amoled  #Noise #Noisemakers @gonoise   Tag @JayParmarGJ3 @DTUnadkat9 @Nick_Model143 @Nitish_nix @ShubhamP57,"May 15, 2024 ¬∑ 7:40 AM UTC",2,0,My Wishlist  Colorfit Pro 5 Max Amoled  #Noise #Noisemakers @gonoise   Tag @JayParmarGJ3 @DTUnadkat9 @Nick_Model143 @Nitish_nix @ShubhamP57
33,https://twitter.com/Tariq_Malkani/status/1790484708947853427#m,Colorfit Pro 5 Max AMOLED: This @gonoise product is in my Wishlist üòç‚ù§Ô∏èüî•  #Noise #Noisemakers https://www.gonoise.com/products/noise-colorfit-pro-5-max-smartwatch?variant=40343567138903,"May 14, 2024 ¬∑ 8:49 PM UTC",0,0,Colorfit Pro 5 Max AMOLED: This @gonoise product is in my Wishlist üòç‚ù§Ô∏èüî•  #Noise #Noisemakers https://www.gonoise.com/products/noise-colorfit-pro-5-max-smartwatch?variant=40343567138903
34,https://twitter.com/sambit_93/status/1790406929879334925#m,ColorFit Pro 5 Max is right there in my wishlist. Wish I could get one! üòú #Noise #Noisemakers,"May 14, 2024 ¬∑ 3:40 PM UTC",0,0,ColorFit Pro 5 Max is right there in my wishlist. Wish I could get one! üòú #Noise #Noisemakers
35,https://twitter.com/SBhajan1/status/1790307413712843067#m,My favourite @gonoise product is the ColorFit Pro 5 Max AMOLED smart watch ü•∞.  Even my favourite celebrity wears the same. #Noise #Noisemakers,"May 14, 2024 ¬∑ 9:05 AM UTC",0,0,My favourite @gonoise product is the ColorFit Pro 5 Max AMOLED smart watch ü•∞.  Even my favourite celebrity wears the same. #Noise #Noisemakers
36,https://twitter.com/AadarshKumaar5/status/1790277159623557123#m,ColorFit Pro 5 Max AMOLED üëå #Noise #Noisemakers @gonoise,"May 14, 2024 ¬∑ 7:05 AM UTC",0,0,ColorFit Pro 5 Max AMOLED üëå #Noise #Noisemakers @gonoise
37,https://twitter.com/thebmcboy/status/1790229517736534445#m,ColorFit Pro 5 Max ‚ù§Ô∏è  Lao dedo ab üåöüåù #Noise #Noisemakers,"May 14, 2024 ¬∑ 3:55 AM UTC",0,0,ColorFit Pro 5 Max ‚ù§Ô∏è  Lao dedo ab üåöüåù #Noise #Noisemakers
38,https://twitter.com/fyndupdeals/status/1790106644434567479#m,"üî•Deal of the Dayüî•   Noise Newly Launched ColorFit Pro 5 Max 1.96"" AMOLED Display Smart Watch, BT Calling, Post Training Workout Analysis, VO2 Max, Rapid Health, 5X Faster Data Transfer - Elite Black  Click Hereüëá https://fyndup.com/noise-newly-launched-colorfit-pro-5-max-1-96-amoled-display-smart-watch-bt-calling-post-training-workout-analysis-vo2-max-rapid-health-5x-faster-data-transfer-elite-black/","May 13, 2024 ¬∑ 7:47 PM UTC",0,0,"üî•Deal of the Dayüî•   Noise Newly Launched ColorFit Pro 5 Max 1.96"" AMOLED Display Smart Watch, BT Calling, Post Training Workout Analysis, VO2 Max, Rapid Health, 5X Faster Data Transfer - Elite Black  Click Hereüëá https://fyndup.com/noise-newly-launched-colorfit-pro-5-max-1-96-amoled-display-smart-watch-bt-calling-post-training-workout-analysis-vo2-max-rapid-health-5x-faster-data-transfer-elite-black/"
39,https://twitter.com/678GrowthGuy/status/1790100086095020294#m,Noise ColorFit Pro 5 Max is my wishlist ü•π  Hopefully @gonoise will fulfill my wish ü•≥üéâ  #Noise #Noisemakers,"May 13, 2024 ¬∑ 7:21 PM UTC",0,0,Noise ColorFit Pro 5 Max is my wishlist ü•π  Hopefully @gonoise will fulfill my wish ü•≥üéâ  #Noise #Noisemakers
40,https://twitter.com/678GrowthGuy/status/1790099998455001568#m,Noise ColorFit Pro 5 Max is my wishlist ü•π  Hopefully @gonoise will fulfill my wish ü•≥üéâ  #Noise #Noisemakers,"May 13, 2024 ¬∑ 7:21 PM UTC",0,0,Noise ColorFit Pro 5 Max is my wishlist ü•π  Hopefully @gonoise will fulfill my wish ü•≥üéâ  #Noise #Noisemakers
41,https://twitter.com/Subhrajeet8462/status/1790071424947834907#m,Noise ColorFit Pro 5 Max is my wishlist ü•π #Noise #Noisemakers,"May 13, 2024 ¬∑ 5:27 PM UTC",0,0,Noise ColorFit Pro 5 Max is my wishlist ü•π #Noise #Noisemakers
42,https://twitter.com/TheVishuOP/status/1790071133326229639#m,ColorFit Pro 5 Max AMOLED  #Noise #Noisemakers,"May 13, 2024 ¬∑ 5:26 PM UTC",0,0,ColorFit Pro 5 Max AMOLED  #Noise #Noisemakers
43,https://twitter.com/SaurravM/status/1790064052309197212#m,Noise colorfit pro 5 max,"May 13, 2024 ¬∑ 4:58 PM UTC",0,0,Noise colorfit pro 5 max
44,https://twitter.com/varun_khera/status/1790056357317558318#m,"Nothing better than a Noise ColorFit Pro 5 Max.   Amoled display, VO2max, customizations, SOS, health plans.... Need I say more?  #Noise #Noisemakers","May 13, 2024 ¬∑ 4:27 PM UTC",0,0,"Nothing better than a Noise ColorFit Pro 5 Max.   Amoled display, VO2max, customizations, SOS, health plans.... Need I say more?  #Noise #Noisemakers"
45,https://twitter.com/creativograph/status/1790054302175707397#m,Noise ColorFit Pro 5 Max   #Noise #Noisemakers @gonoise,"May 13, 2024 ¬∑ 4:19 PM UTC",0,0,Noise ColorFit Pro 5 Max   #Noise #Noisemakers @gonoise
46,https://twitter.com/vikutri/status/1789239975302893696#m,"Dear @gonoise , I purchased NoiseColorFit Pro 5 Max Smartwatch. It has developed charging issues within 5 months. It's stopped working. I visited your service centre at Gorakhpur, but the technical attendant at your service centre declined to entertain the request to repair the","May 11, 2024 ¬∑ 10:23 AM UTC",2,1,"Dear @gonoise , I purchased NoiseColorFit Pro 5 Max Smartwatch. It has developed charging issues within 5 months. It's stopped working. I visited your service centre at Gorakhpur, but the technical attendant at your service centre declined to entertain the request to repair the"
47,https://twitter.com/vikutri/status/1789238486895386639#m,"Dear @gonoise , I purchased NoiseColorFit Pro 5 Max Smartwatch, it developed charging issues within 5 months. It has stopped working therefore. I contacted your service centre at Gorakhpur, however your technical attendant declined to entertain my request to repair the gadget.","May 11, 2024 ¬∑ 10:17 AM UTC",1,1,"Dear @gonoise , I purchased NoiseColorFit Pro 5 Max Smartwatch, it developed charging issues within 5 months. It has stopped working therefore. I contacted your service centre at Gorakhpur, however your technical attendant declined to entertain my request to repair the gadget."
48,https://twitter.com/kavitagopal/status/1787768189117407674#m,"@amazonIN refuses to help for a defective @gonoise Noise Newly Launched ColorFit Pro 5 Max watch with poor quality strap bought online - and complaint lodged within 7 days ,very disappointed with both the vendor and amazon .","May 7, 2024 ¬∑ 8:55 AM UTC",0,1,"@amazonIN refuses to help for a defective @gonoise Noise Newly Launched ColorFit Pro 5 Max watch with poor quality strap bought online - and complaint lodged within 7 days ,very disappointed with both the vendor and amazon ."
49,https://twitter.com/kavitagopal/status/1787767966739632258#m,"@amazonIN refuses to help for a defective @gonoise Noise Newly Launched ColorFit Pro 5 Max strap bought online - and complaint lodged within 7 days ,very disappointed with both the vendor and amazon .","May 7, 2024 ¬∑ 8:54 AM UTC",0,2,"@amazonIN refuses to help for a defective @gonoise Noise Newly Launched ColorFit Pro 5 Max strap bought online - and complaint lodged within 7 days ,very disappointed with both the vendor and amazon ."
50,https://twitter.com/jaideepwadali/status/1784097925586464848#m,looks more like noise colorfit pro 5 max,"Apr 27, 2024 ¬∑ 5:51 AM UTC",1,0,looks more like noise colorfit pro 5 max
51,https://twitter.com/pacificin22/status/1783310954685505938#m,"Noise Newly Launched ColorFit Pro 5 Max 1.96"" AMOLED Display Smart Watch, BT Calling, Post Training Workout Analysis, VO2 Max, Rapid Health, 5X Faster Data Transfer - Elite Silver - https://tinyurl.com/29p9e3kx","Apr 25, 2024 ¬∑ 1:43 AM UTC",0,0,"Noise Newly Launched ColorFit Pro 5 Max 1.96"" AMOLED Display Smart Watch, BT Calling, Post Training Workout Analysis, VO2 Max, Rapid Health, 5X Faster Data Transfer - Elite Silver - https://tinyurl.com/29p9e3kx"
52,https://twitter.com/PS031679/status/1783310947974885630#m,"Noise Newly Launched ColorFit Pro 5 Max 1.96"" AMOLED Display Smart Watch, BT Calling, Post Training Workout Analysis, VO2 Max, Rapid Health, 5X Faster Data Transfer - Elite Silver - https://tinyurl.com/29p9e3kx","Apr 25, 2024 ¬∑ 1:43 AM UTC",0,0,"Noise Newly Launched ColorFit Pro 5 Max 1.96"" AMOLED Display Smart Watch, BT Calling, Post Training Workout Analysis, VO2 Max, Rapid Health, 5X Faster Data Transfer - Elite Silver - https://tinyurl.com/29p9e3kx"
53,https://twitter.com/DeviceBattle_AI/status/1782967723040850302#m,"Explore the best Noise smartwatches such as the ColorFit Pro 5 Max, Noise Twist, and Noise ColorFit Pro 4 Alpha for a comprehensive wellness and fitness tracking experience.","Apr 24, 2024 ¬∑ 3:00 AM UTC",0,0,"Explore the best Noise smartwatches such as the ColorFit Pro 5 Max, Noise Twist, and Noise ColorFit Pro 4 Alpha for a comprehensive wellness and fitness tracking experience."
54,https://twitter.com/EasyDealsHub/status/1778374230473863652#m,"Noise Newly Launched ColorFit Pro 5 Max 1.96"" AMOLED Display Smart Watch, BT Calling, Post Training  55% off  Check price https://amzn.to/3Q02Chb","Apr 11, 2024 ¬∑ 10:47 AM UTC",0,0,"Noise Newly Launched ColorFit Pro 5 Max 1.96"" AMOLED Display Smart Watch, BT Calling, Post Training  55% off  Check price https://amzn.to/3Q02Chb"
55,https://twitter.com/Gadgets360/status/1773364735754281386#m,"Samsung Galaxy Watch 6 claims the Best Smartwatch title at #Gadgets360AwardsüèÜ‚åö, leading the pack against Apple Watch Series 9, Amazfit Balance, and Noise ColorFit Pro 5 Max   Watch live here: https://piped.video/watch?v=fX8n-YgI49M","Mar 28, 2024 ¬∑ 3:01 PM UTC",8,1,"Samsung Galaxy Watch 6 claims the Best Smartwatch title at #Gadgets360AwardsüèÜ‚åö, leading the pack against Apple Watch Series 9, Amazfit Balance, and Noise ColorFit Pro 5 Max   Watch live here: https://piped.video/watch?v=fX8n-YgI49M"
56,https://twitter.com/CommerceXcel/status/1771939883222974930#m,"Lowest Price üí•  Noise ColorFit Pro 5 Max 1.96"" AMOLED Display Smart Watch  üí•Deal Price : ‚Çπ4,299  üîóhttps://amzn.to/4ctmtPu","Mar 24, 2024 ¬∑ 4:39 PM UTC",0,0,"Lowest Price üí•  Noise ColorFit Pro 5 Max 1.96"" AMOLED Display Smart Watch  üí•Deal Price : ‚Çπ4,299  üîóhttps://amzn.to/4ctmtPu"
57,https://twitter.com/pacificin22/status/1768120653540978887#m,"Noise Newly Launched ColorFit Pro 5 Max 1.96"" AMOLED Display Smart Watch, BT Calling, Post Training Workout Analysis, VO2 Max, Rapid Health, 5X Faster Data Transfer - Elite Silver - https://tinyurl.com/29p9e3kx","Mar 14, 2024 ¬∑ 3:43 AM UTC",0,0,"Noise Newly Launched ColorFit Pro 5 Max 1.96"" AMOLED Display Smart Watch, BT Calling, Post Training Workout Analysis, VO2 Max, Rapid Health, 5X Faster Data Transfer - Elite Silver - https://tinyurl.com/29p9e3kx"
58,https://twitter.com/PS031679/status/1768120645575999626#m,"Noise Newly Launched ColorFit Pro 5 Max 1.96"" AMOLED Display Smart Watch, BT Calling, Post Training Workout Analysis, VO2 Max, Rapid Health, 5X Faster Data Transfer - Elite Silver - https://tinyurl.com/29p9e3kx","Mar 14, 2024 ¬∑ 3:43 AM UTC",0,0,"Noise Newly Launched ColorFit Pro 5 Max 1.96"" AMOLED Display Smart Watch, BT Calling, Post Training Workout Analysis, VO2 Max, Rapid Health, 5X Faster Data Transfer - Elite Silver - https://tinyurl.com/29p9e3kx"
59,https://twitter.com/V58633Verma/status/1768120637199995042#m,"Noise Newly Launched ColorFit Pro 5 Max 1.96"" AMOLED Display Smart Watch, BT Calling, Post Training Workout Analysis, VO2 Max, Rapid Health, 5X Faster Data Transfer - Elite Silver - https://tinyurl.com/29p9e3kx","Mar 14, 2024 ¬∑ 3:43 AM UTC",0,0,"Noise Newly Launched ColorFit Pro 5 Max 1.96"" AMOLED Display Smart Watch, BT Calling, Post Training Workout Analysis, VO2 Max, Rapid Health, 5X Faster Data Transfer - Elite Silver - https://tinyurl.com/29p9e3kx"
60,https://twitter.com/pacificin22/status/1767171985837031576#m,"Noise Newly Launched ColorFit Pro 5 Max 1.96"" AMOLED Display Smart Watch, BT Calling, Post Training Workout Analysis, VO2 Max, Rapid Health, 5X Faster Data Transfer - Elite Silver - https://tinyurl.com/29p9e3kx","Mar 11, 2024 ¬∑ 12:53 PM UTC",0,0,"Noise Newly Launched ColorFit Pro 5 Max 1.96"" AMOLED Display Smart Watch, BT Calling, Post Training Workout Analysis, VO2 Max, Rapid Health, 5X Faster Data Transfer - Elite Silver - https://tinyurl.com/29p9e3kx"
61,https://twitter.com/PS031679/status/1767171978119598203#m,"Noise Newly Launched ColorFit Pro 5 Max 1.96"" AMOLED Display Smart Watch, BT Calling, Post Training Workout Analysis, VO2 Max, Rapid Health, 5X Faster Data Transfer - Elite Silver - https://tinyurl.com/29p9e3kx","Mar 11, 2024 ¬∑ 12:53 PM UTC",0,0,"Noise Newly Launched ColorFit Pro 5 Max 1.96"" AMOLED Display Smart Watch, BT Calling, Post Training Workout Analysis, VO2 Max, Rapid Health, 5X Faster Data Transfer - Elite Silver - https://tinyurl.com/29p9e3kx"
62,https://twitter.com/V58633Verma/status/1767171970259358180#m,"Noise Newly Launched ColorFit Pro 5 Max 1.96"" AMOLED Display Smart Watch, BT Calling, Post Training Workout Analysis, VO2 Max, Rapid Health, 5X Faster Data Transfer - Elite Silver - https://tinyurl.com/29p9e3kx","Mar 11, 2024 ¬∑ 12:53 PM UTC",0,0,"Noise Newly Launched ColorFit Pro 5 Max 1.96"" AMOLED Display Smart Watch, BT Calling, Post Training Workout Analysis, VO2 Max, Rapid Health, 5X Faster Data Transfer - Elite Silver - https://tinyurl.com/29p9e3kx"
63,https://twitter.com/tgdealsofficial/status/1764151337703670002#m,"Noise Newly Launched ColorFit Pro 5 Max 1.96"" AMOLED Display Smart Watch,  at ‚Çπ3,899 ‚úÖ  Apply ‚Çπ500 coupon  üîó https://m.tgdeals.in/4fn","Mar 3, 2024 ¬∑ 4:50 AM UTC",0,0,"Noise Newly Launched ColorFit Pro 5 Max 1.96"" AMOLED Display Smart Watch,  at ‚Çπ3,899 ‚úÖ  Apply ‚Çπ500 coupon  üîó https://m.tgdeals.in/4fn"
64,https://twitter.com/TrendzAndDeals/status/1764150548075622748#m,"Noise Newly Launched ColorFit Pro 5 Max 1.96"" AMOLED Display Smart Watch, BT Calling, Post Training Workout Analysis, VO2 Max, Rapid Health, 5X Faster Data Transfer - Jet Black  Price: 3699/-     Link: https://bit.ly/3P1up0c","Mar 3, 2024 ¬∑ 4:47 AM UTC",0,0,"Noise Newly Launched ColorFit Pro 5 Max 1.96"" AMOLED Display Smart Watch, BT Calling, Post Training Workout Analysis, VO2 Max, Rapid Health, 5X Faster Data Transfer - Jet Black  Price: 3699/-     Link: https://bit.ly/3P1up0c"
65,https://twitter.com/pacificin22/status/1759680080232505492#m,"Noise Newly Launched ColorFit Pro 5 Max 1.96"" AMOLED Display Smart Watch, BT Calling, Post Training Workout Analysis, VO2 Max, Rapid Health, 5X Faster Data Transfer - Elite Silver - https://tinyurl.com/29p9e3kx","Feb 19, 2024 ¬∑ 8:43 PM UTC",0,0,"Noise Newly Launched ColorFit Pro 5 Max 1.96"" AMOLED Display Smart Watch, BT Calling, Post Training Workout Analysis, VO2 Max, Rapid Health, 5X Faster Data Transfer - Elite Silver - https://tinyurl.com/29p9e3kx"
66,https://twitter.com/PS031679/status/1759680071961399501#m,"Noise Newly Launched ColorFit Pro 5 Max 1.96"" AMOLED Display Smart Watch, BT Calling, Post Training Workout Analysis, VO2 Max, Rapid Health, 5X Faster Data Transfer - Elite Silver - https://tinyurl.com/29p9e3kx","Feb 19, 2024 ¬∑ 8:43 PM UTC",1,0,"Noise Newly Launched ColorFit Pro 5 Max 1.96"" AMOLED Display Smart Watch, BT Calling, Post Training Workout Analysis, VO2 Max, Rapid Health, 5X Faster Data Transfer - Elite Silver - https://tinyurl.com/29p9e3kx"
67,https://twitter.com/V58633Verma/status/1759680063652467075#m,"Noise Newly Launched ColorFit Pro 5 Max 1.96"" AMOLED Display Smart Watch, BT Calling, Post Training Workout Analysis, VO2 Max, Rapid Health, 5X Faster Data Transfer - Elite Silver - https://tinyurl.com/29p9e3kx","Feb 19, 2024 ¬∑ 8:43 PM UTC",0,0,"Noise Newly Launched ColorFit Pro 5 Max 1.96"" AMOLED Display Smart Watch, BT Calling, Post Training Workout Analysis, VO2 Max, Rapid Health, 5X Faster Data Transfer - Elite Silver - https://tinyurl.com/29p9e3kx"
68,https://twitter.com/Siddhar54873073/status/1757328508886696154#m,Check this out NOISE ColorFit Pro 5 Max Smartwatch myntra.com/mailers/smart-wea‚Ä¶ on Myntra  Ek Rupees Bhi Nahi Deta.,"Feb 13, 2024 ¬∑ 8:59 AM UTC",0,0,Check this out NOISE ColorFit Pro 5 Max Smartwatch myntra.com/mailers/smart-wea‚Ä¶ on Myntra  Ek Rupees Bhi Nahi Deta.
69,https://twitter.com/Siddhar54873073/status/1757328444244017510#m,"Check this out NOISE ColorFit Pro 5 Max Smartwatch myntra.com/mailers/smart-wea‚Ä¶ on Myntra  Kyunki Jai Narayan Vyas Colony Bikaneri Rajasthan India Sector 6 , 6-D-71 Aapko Kya Malum Shiv Pal Purohit Mohali Punjab India WhatsApp Messenger Ka Jabki WhatsApp Messenger 1.2 Rupees Toh Kya.","Feb 13, 2024 ¬∑ 8:58 AM UTC",1,0,Check This out noise colorfit pro Jab India Whatsapp Messenger Ka JabkiWhatsapp Messenger 1.2 Rupees toh Kya.
70,https://twitter.com/Siddhar54873073/status/1757328231701811324#m,"Check this out NOISE ColorFit Pro 5 Max Smartwatch myntra.com/mailers/smart-wea‚Ä¶ on Myntra  WhatsApp Messenger Se Fraud Messages Jaate Hai Sab Jagah Shiv Pal Purohit Mohali Punjab India Jai Narayan Vyas Colony Bikaneri Rajasthan India Sector 6 , 6-D-71.   Kyunki WhatsApp Messenger.","Feb 13, 2024 ¬∑ 8:57 AM UTC",0,0,"Check This out noise colorfit pro Bikaneri Rajasthan India Sector 6, 6-D-71.Kyunki Whatsapp Messenger."
71,https://twitter.com/CommerceXcel/status/1754222972288790782#m,"Noise Halo Plus Elite Edition Smartwatch with 1.46"" Super AMOLED Display, Stainless Steel Finish Metallic Strap  ‚Çπ2,799üîóhttps://amzn.to/3StCziM  Noise ColorFit Pro 5 Max 1.96"" AMOLED Display Smart Watch  ‚Çπ4,499 üîóhttps://amzn.to/3UsV0qt  2/2","Feb 4, 2024 ¬∑ 7:18 PM UTC",0,0,"Noise Halo Plus Elite Edition Smartwatch with 1.46"" Super AMOLED Display, Stainless Steel Finish Metallic Strap  ‚Çπ2,799üîóhttps://amzn.to/3StCziM  Noise ColorFit Pro 5 Max 1.96"" AMOLED Display Smart Watch  ‚Çπ4,499 üîóhttps://amzn.to/3UsV0qt  2/2"
72,https://twitter.com/Krishna23061993/status/1745035057952391572#m,"@jagograhakjago @gonoise  Dear Sir, I have purchased noise colorfit pro 5 max but it couldn't deliver and I wanted my refund .but all excutives are just irritating me and taken 25 days and didn't get my refund. I have raised 2 complains but they are not working on it..","Jan 10, 2024 ¬∑ 10:49 AM UTC",0,1,"@jagograhakjago @gonoise  Dear Sir, I have purchased noise colorfit pro 5 max but it couldn't deliver and I wanted my refund .but all excutives are just irritating me and taken 25 days and didn't get my refund. I have raised 2 complains but they are not working on it.."
73,https://twitter.com/CommerceXcel/status/1743701498415235267#m,"Apply ‚Çπ500 coupon‚ú®  Noise Halo Plus Elite Edition Smartwatch with 1.46"" Super AMOLED Display, Stainless Steel Finish Metallic Strap  ‚Çπ3,299*üîó https://amzn.to/48GcoMk  Noise Newly Launched ColorFit Pro 5 Max 1.96"" AMOLED Display Smart Watch  ‚Çπ4,498*üîóhttps://amzn.to/3NSpGNS","Jan 6, 2024 ¬∑ 6:30 PM UTC",0,0,"Apply ‚Çπ500 coupon‚ú®  Noise Halo Plus Elite Edition Smartwatch with 1.46"" Super AMOLED Display, Stainless Steel Finish Metallic Strap  ‚Çπ3,299*üîó https://amzn.to/48GcoMk  Noise Newly Launched ColorFit Pro 5 Max 1.96"" AMOLED Display Smart Watch  ‚Çπ4,498*üîóhttps://amzn.to/3NSpGNS"
74,https://twitter.com/DiscountsDunia/status/1739833108059628014#m,"‚ö°Newly Launched  Noise ColorFit Pro 5 Max 1.96"" AMOLED Display Smart Watch, BT Calling at ‚Çπ4,498  üí• Apply 500 Off Coupon   https://amzn.to/3GTJs7T","Dec 27, 2023 ¬∑ 2:18 AM UTC",0,0,"‚ö°Newly Launched  Noise ColorFit Pro 5 Max 1.96"" AMOLED Display Smart Watch, BT Calling at ‚Çπ4,498  üí• Apply 500 Off Coupon   https://amzn.to/3GTJs7T"
75,https://twitter.com/CommerceXcel/status/1738260866532020395#m,"Noise Newly Launched ColorFit Pro 5 Max 1.96"" AMOLED Display Smart Watch  üí•Deal Price : ‚Çπ4,498*  üîóhttps://amzn.to/478Wx80  ‚úÖ*Apply Coupon ‚Çπ500","Dec 22, 2023 ¬∑ 6:11 PM UTC",0,0,"Noise Newly Launched ColorFit Pro 5 Max 1.96"" AMOLED Display Smart Watch  üí•Deal Price : ‚Çπ4,498*  üîóhttps://amzn.to/478Wx80  ‚úÖ*Apply Coupon ‚Çπ500"
76,https://twitter.com/CommerceXcel/status/1736450428894953691#m,"Noise ColorFit Pro 5 Max 1.96"" AMOLED Display , BT Calling Smart Watch  Deal Price : ‚Çπ4,498  üîóhttps://amzn.to/41oPwP6","Dec 17, 2023 ¬∑ 6:16 PM UTC",0,0,"Noise ColorFit Pro 5 Max 1.96"" AMOLED Display , BT Calling Smart Watch  Deal Price : ‚Çπ4,498  üîóhttps://amzn.to/41oPwP6"
77,https://twitter.com/ntn85/status/1735330947514699977#m,What a bad battery back up for new launch Noise colorfit pro 5 Max @gonoise  Do some update to resolve,"Dec 14, 2023 ¬∑ 4:08 PM UTC",0,1,What a bad battery back up for new launch Noise colorfit pro 5 Max @gonoise  Do some update to resolve
78,https://twitter.com/ntn85/status/1735330673198862480#m,Very bad battery back up @gonoise for newly launched Noise colorfit pro 5 Max,"Dec 14, 2023 ¬∑ 4:07 PM UTC",0,1,Very bad battery back up @gonoise for newly launched Noise colorfit pro 5 Max
79,https://twitter.com/onlinechashka/status/1733070707649843683#m,Noise Colorfit Pro 5 & Pro 5 Max Unboxing & Review | Premium SmartWatch Under 5000 üî•‚åöÔ∏è  Watch Video - https://appopener.com/yt/8ltr763rp #Noise #NoiseColorFitPro5 #NoiseColorFitPro5Max,"Dec 8, 2023 ¬∑ 10:27 AM UTC",0,0,Noise Colorfit Pro 5 & Pro 5 Max Unboxing & Review | Premium SmartWatch Under 5000 üî•‚åöÔ∏è  Watch Video - https://appopener.com/yt/8ltr763rp #Noise #NoiseColorFitPro5 #NoiseColorFitPro5Max
80,https://twitter.com/CommerceXcel/status/1731737595636556187#m,"Noise Newly Launched ColorFit Pro 5 Max 1.96"" AMOLED Display Smart Watch, BT Calling, Post Training Workout Analysis, VO2 Max, Rapid Health  Deal Price : ‚Çπ4,999   üëâhttps://amzn.to/4a2ghN9","Dec 4, 2023 ¬∑ 6:09 PM UTC",0,0,"Noise Newly Launched ColorFit Pro 5 Max 1.96"" AMOLED Display Smart Watch, BT Calling, Post Training Workout Analysis, VO2 Max, Rapid Health  Deal Price : ‚Çπ4,999   üëâhttps://amzn.to/4a2ghN9"
81,https://twitter.com/CommerceXcel/status/1731307824431693907#m,"Noise Newly Launched ColorFit Pro 5 Max 1.96"" AMOLED Display Smart Watch, BT Calling, Post Training Workout Analysis, VO2 Max, Rapid Health  Deal Price : ‚Çπ4,999   üëâhttps://amzn.to/3NbXHYW","Dec 3, 2023 ¬∑ 1:42 PM UTC",0,0,"Noise Newly Launched ColorFit Pro 5 Max 1.96"" AMOLED Display Smart Watch, BT Calling, Post Training Workout Analysis, VO2 Max, Rapid Health  Deal Price : ‚Çπ4,999   üëâhttps://amzn.to/3NbXHYW"
82,https://twitter.com/DiscountDevices/status/1731172074297684214#m,"2/ ‚åöÔ∏è Noise ColorFit Pro 5 Max   - smartwatch that honestly looks better than the Apple Watch.  Deal price: 4,999/-  Link: https://amzn.to/3Rrekmf","Dec 3, 2023 ¬∑ 4:42 AM UTC",0,1,"2/ ‚åöÔ∏è Noise ColorFit Pro 5 Max   - smartwatch that honestly looks better than the Apple Watch.  Deal price: 4,999/-  Link: https://amzn.to/3Rrekmf"
83,https://twitter.com/returnbyte_tech/status/1730313464269443378#m,Experience the Best of Fitness with Noise ColorFit Pro 5 and Pro 5 Max - Now Available in India!  #internet https://returnbyte.com/experience-best-fitness-noise-colorfit-pro-5-pro-5-max-available-india/,"Nov 30, 2023 ¬∑ 7:50 PM UTC",0,0,Experience the Best of Fitness with Noise ColorFit Pro 5 and Pro 5 Max - Now Available in India!  #internet https://returnbyte.com/experience-best-fitness-noise-colorfit-pro-5-pro-5-max-available-india/
84,https://twitter.com/CoolGadget360/status/1730196294961095067#m,"Noise ColorFit Pro 5 Max, ColorFit Pro 5 SOS ‡§∏‡§™‡•ã‡§∞‡•ç‡§ü ‡§ï‡•á ‡§∏‡§æ‡§• ‡§≠‡§æ‡§∞‡§§ ‡§Æ‡•á‡§Ç ‡§≤‡•â‡§®‡•ç‡§ö ‡§π‡•Å‡§è: ‡§ï‡•Ä‡§Æ‡§§, ‡§∏‡•ç‡§™‡•á‡§∏‡§ø‡§´‡§ø‡§ï‡•á‡§∂‡§®‡•ç‡§∏ https://www.coolgadget360.com/2023/11/noise-colorfit-pro-5-max-colorfit-pro-5-sos-%e0%a4%b8%e0%a4%aa%e0%a5%8b%e0%a4%b0%e0%a5%8d%e0%a4%9f-%e0%a4%95%e0%a5%87-%e0%a4%b8%e0%a4%be%e0%a4%a5-%e0%a4%ad%e0%a4%be%e0%a4%b0%e0%a4%a4-%e0%a4%ae.html via @Cool Gadget 360","Nov 30, 2023 ¬∑ 12:05 PM UTC",0,0,"Noise Colorfit Pro 5 Max, Colorfit Pro 5 SOS support launched in India with: Price, Specifications https://www.coolgadget360.com/2023/11/Noise- Colorfit-5-5-max-mx-mx-mx-mx-mx-mx- colorfit- pr-5-SOS-%E0%A4%B8%E0%A4%AA%E0%A5%8B%E0%A4%A4%A5%A5%A5%8D%E0%A4%A4%A4%9F-%E0%A4%A4%A4%95%E0%A5%87-%E0%A4%B8%E0%A4%BE%E0%A4%A5-%E0%A4%A4%A4%A4%A4%BE%BE%E0%A4%A4%B0%E0%A4%A4%A4%A4-%E0%A4%Ae.html via @cool gadget 360"
85,https://twitter.com/DayTechnology1/status/1730160096372568107#m,üå∏Noise ColorFit Pro 5 Maxüå∏ Smartwatch‚åö offers Comprehensive Health Tracking Features  Read our in-depth reviewüëâ https://day-technology.com/noise-colorfit-pro-5-max-review.html #Gadget #GadgetReview #Review #Reviews #TechNews #FitnessMotivation #fitnessaddict #Smartwatch #NoiseColorFitPro5Max @amazonIN @gonoise,"Nov 30, 2023 ¬∑ 9:41 AM UTC",0,0,üå∏Noise ColorFit Pro 5 Maxüå∏ Smartwatch‚åö offers Comprehensive Health Tracking Features  Read our in-depth reviewüëâ https://day-technology.com/noise-colorfit-pro-5-max-review.html #Gadget #GadgetReview #Review #Reviews #TechNews #FitnessMotivation #fitnessaddict #Smartwatch #NoiseColorFitPro5Max @amazonIN @gonoise
86,https://twitter.com/CommerceXcel/status/1729937021089779723#m,"Noise ColorFit Pro 5 Max 1.96"" AMOLED Display Smart Watch, BT Calling, Post Training Workout Analysis  Deal Price : ‚Çπ4,999  üîóhttps://amzn.to/3uEX1VR","Nov 29, 2023 ¬∑ 6:55 PM UTC",0,0,"Noise ColorFit Pro 5 Max 1.96"" AMOLED Display Smart Watch, BT Calling, Post Training Workout Analysis  Deal Price : ‚Çπ4,999  üîóhttps://amzn.to/3uEX1VR"
87,https://twitter.com/AmazonDeals0112/status/1729931014041145624#m,"Noise Newly Launched ColorFit Pro 5 Max 1.96"" AMOLED Display Smart Watch @ 4999 Rs. https://amzn.to/3sULL7e","Nov 29, 2023 ¬∑ 6:31 PM UTC",1,0,"Noise Newly Launched ColorFit Pro 5 Max 1.96"" AMOLED Display Smart Watch @ 4999 Rs. https://amzn.to/3sULL7e"
88,https://twitter.com/Enigma_unboxing/status/1729928614580220395#m,Noise Colorfit PRO 5 vs PRO 5 MAX | Which is Better ?? | #noise #smartwa... https://piped.video/9hm1W3EKftg?si=otnYI2G6P-LIMgx5 via @YouTube,"Nov 29, 2023 ¬∑ 6:21 PM UTC",0,0,Noise Colorfit PRO 5 vs PRO 5 MAX | Which is Better ?? | #noise #smartwa... https://piped.video/9hm1W3EKftg?si=otnYI2G6P-LIMgx5 via @YouTube
89,https://twitter.com/alloverinternet/status/1729873226086629573#m,"Noise Newly Launched ColorFit Pro 5 Max 1.96"" AMOLED Display Smart Watch @ 4999 Rs. https://www.amazon.in/Noise-Launched-ColorFit-Training-Analysis/dp/B0CFYM8ZY9?th=1&language=en_IN&tag=exofferpara-21   ‚ú®","Nov 29, 2023 ¬∑ 2:41 PM UTC",0,0,"Noise Newly Launched ColorFit Pro 5 Max 1.96"" AMOLED Display Smart Watch @ 4999 Rs. https://www.amazon.in/Noise-Launched-ColorFit-Training-Analysis/dp/B0CFYM8ZY9?th=1&language=en_IN&tag=exofferpara-21   ‚ú®"
90,https://twitter.com/loudbol8805/status/1729854651053281616#m,Noise ColorFit Pro 5 and Noise ColorFit Pro 5 Max have been launched in India. #noise #noisecolorfit,"Nov 29, 2023 ¬∑ 1:27 PM UTC",0,0,Noise ColorFit Pro 5 and Noise ColorFit Pro 5 Max have been launched in India. #noise #noisecolorfit
91,https://twitter.com/svztechinfo/status/1729817486974140430#m,"Noise ColorFit Pro 5, ColorFit Pro 5 Max smartwatches with IP68 rating, 7-day battery life launched in India: price, specifications  https://svztechinfo.com/noise-colorfit-pro-5-pro-5-max-launched-india-price-specifications/","Nov 29, 2023 ¬∑ 11:00 AM UTC",0,0,"Noise ColorFit Pro 5, ColorFit Pro 5 Max smartwatches with IP68 rating, 7-day battery life launched in India: price, specifications  https://svztechinfo.com/noise-colorfit-pro-5-pro-5-max-launched-india-price-specifications/"
92,https://twitter.com/news18dotcom/status/1729782281408024685#m,"Noise ColorFit Pro 5, Noise ColorFit Pro 5 Max Launched In India: Price, Availability  https://www.news18.com/tech/noise-colorfit-pro-5-noise-colorfit-pro-5-max-launched-in-india-price-availability-8680817.html","Nov 29, 2023 ¬∑ 8:40 AM UTC",0,0,"Noise ColorFit Pro 5, Noise ColorFit Pro 5 Max Launched In India: Price, Availability  https://www.news18.com/tech/noise-colorfit-pro-5-noise-colorfit-pro-5-max-launched-in-india-price-availability-8680817.html"
93,https://twitter.com/passionatemktg/status/1729757629335920857#m,"üëâEverything for Everyone ‚Äì Noise flagship smartwatch series, ColorFit Pro 5 and ColorFit Pro 5 Max, launches in India  üåêpassionateinmarketing.com #maxed #passionateinmarketing #brandingnews #NewsAdvertising #LatestNews","Nov 29, 2023 ¬∑ 7:02 AM UTC",0,0,"üëâEverything for Everyone ‚Äì Noise flagship smartwatch series, ColorFit Pro 5 and ColorFit Pro 5 Max, launches in India  üåêpassionateinmarketing.com #maxed #passionateinmarketing #brandingnews #NewsAdvertising #LatestNews"
94,https://twitter.com/newspaper63652/status/1729756810662273076#m,"""Noise ColorFit Pro 5 ‡§î‡§∞ ColorFit Pro 5 Max ‡§∏‡•ç‡§Æ‡§æ‡§∞‡•ç‡§ü‡§µ‡•â‡§ö ‡§≠‡§æ‡§∞‡§§ ‡§Æ‡•á‡§Ç ‡§≤‡•â‡§®‡•ç‡§ö, ‡§¶‡•ã‡§®‡•ã‡§Ç ‡§Æ‡•â‡§°‡§≤‡•ç‡§∏ ‡§Æ‡•á‡§Ç ‡§¢‡•á‡§∞‡•ã‡§Ç ‡§´‡•Ä‡§ö‡§∞‡•ç‡§∏ ‡§î‡§∞ ‡§ï‡§≤‡§∞ ‡§ë‡§™‡•ç‡§∂‡§Ç‡§∏"" https://didinews.co.in/business.php?articleid=1486  ‡§π‡§Æ‡§æ‡§∞‡•á whatsapp ‡§ó‡•ç‡§∞‡•Å‡§™ ‡§∏‡•á ‡§ú‡•Å‡§°‡§º‡§®‡•á ‡§ï‡•á ‡§≤‡§ø‡§è ‡§®‡§ø‡§ö‡•á ‡§¶‡§ø‡§è ‡§≤‡§ø‡§Ç‡§ï ‡§ï‡•ã ‡§ü‡§ö ‡§ï‡§∞‡•á‡§Ç https://chat.whatsapp.com/BBBQYmgjao74ccKMOLT0il #noiseshots #noise #earbuds #music #noisemusic","Nov 29, 2023 ¬∑ 6:58 AM UTC",0,0,"""Noise Colorfit Pro 5 and Colorfit Pro 5 Max Smartwatch launched in India, many features and color options in both models"" https://didinews.co.in/business.php?articleid=1486Touch the link https://chat.whatsapp.com/bbqymgjao74Ckmolt0il #Noiseshots #Noise"
95,https://twitter.com/passionatemktg/status/1729736399836926366#m,"Everything for Everyone ‚Äì Noise flagship smartwatch series, ColorFit Pro 5 and ColorFit Pro 5 Max, launches in India  Read More : https://bit.ly/3GltEKJ #maxed #passionateinmarketing #brandingnews #NewsAdvertising #noise","Nov 29, 2023 ¬∑ 5:37 AM UTC",0,0,"Everything for Everyone ‚Äì Noise flagship smartwatch series, ColorFit Pro 5 and ColorFit Pro 5 Max, launches in India  Read More : https://bit.ly/3GltEKJ #maxed #passionateinmarketing #brandingnews #NewsAdvertising #noise"
96,https://twitter.com/TrendzAndDeals/status/1729720112716866005#m,"Noise Newly Launched ColorFit Pro 5 Max 1.96"" AMOLED Display Smart Watch, BT Calling, Post Training Workout Analysis, VO2 Max, Rapid Health, 5X Faster Data Transfer - Jet Black  Price: 4699/-     Link: https://bit.ly/3N4cMvI","Nov 29, 2023 ¬∑ 4:33 AM UTC",1,0,"Noise Newly Launched ColorFit Pro 5 Max 1.96"" AMOLED Display Smart Watch, BT Calling, Post Training Workout Analysis, VO2 Max, Rapid Health, 5X Faster Data Transfer - Jet Black  Price: 4699/-     Link: https://bit.ly/3N4cMvI"
97,https://twitter.com/CommerceXcel/status/1729569469499138221#m,"üì£New Launch Sale Live Now üí•  Noise ColorFit Pro 5 Max 1.96"" AMOLED Display Smart Watch, BT Calling, Post Training Workout Analysis  Amazon  @ ‚Çπ4,999  üîóhttps://amzn.to/3Rj4XVo  Flipkart Link : https://fkrt.co/TtdThF","Nov 28, 2023 ¬∑ 6:34 PM UTC",0,0,"üì£New Launch Sale Live Now üí•  Noise ColorFit Pro 5 Max 1.96"" AMOLED Display Smart Watch, BT Calling, Post Training Workout Analysis  Amazon  @ ‚Çπ4,999  üîóhttps://amzn.to/3Rj4XVo  Flipkart Link : https://fkrt.co/TtdThF"
98,https://twitter.com/CommerceXcel/status/1729561460043382874#m,"#Noise #NewlyLaunch  ‚åöNoise Colorfit Pro 5 Max - Metal  @ ‚Çπ5,999  https://amzn.to/47Ap4UO  ‚åöÔ∏èNoise Colorfit Pro 5 max @ ‚Çπ4,999 https://amzn.to/47VDX3J  ‚åöÔ∏èNoise Colorfit Pro 5 @ ‚Çπ3,999 https://amzn.to/49Wzxvq","Nov 28, 2023 ¬∑ 6:02 PM UTC",0,0,"#Noise #NewlyLaunch  ‚åöNoise Colorfit Pro 5 Max - Metal  @ ‚Çπ5,999  https://amzn.to/47Ap4UO  ‚åöÔ∏èNoise Colorfit Pro 5 max @ ‚Çπ4,999 https://amzn.to/47VDX3J  ‚åöÔ∏èNoise Colorfit Pro 5 @ ‚Çπ3,999 https://amzn.to/49Wzxvq"
99,https://twitter.com/Technerd_9/status/1729505420421586999#m,"Noise ColorFit Pro 5 Max comes with Emoji support , not a big deal but still it makes notifications on watch better looking.  @cmfbynothing are you gonna give emoji support through update ??","Nov 28, 2023 ¬∑ 2:19 PM UTC",29,5,"Noise ColorFit Pro 5 Max comes with Emoji support , not a big deal but still it makes notifications on watch better looking.  @cmfbynothing are you gonna give emoji support through update ??"
